date,sleeve,day_return,n_positions
2026-06-25,crypto_full_goal,-0.004639252162679966,3
2026-06-25,equity_full_goal,-0.0085248141506903,17
2026-06-25,equity_validated,0.0,0
2026-06-25,full_system,-0.013164066313370266,20
2026-06-26,equity_full_goal,-0.0045215481973125225,17
2026-06-26,equity_validated,0.0,0
2026-06-28,crypto_full_goal,-0.00032743046805764394,3
2026-06-28,full_system,-0.004848978665370166,20
2026-06-29,crypto_full_goal,0.0008308456450946954,3
2026-06-29,equity_full_goal,0.004851246979725826,17
2026-06-29,equity_validated,0.0,0
2026-06-29,full_system,0.005682092624820521,20
2026-06-30,crypto_full_goal,-0.0007386414229021538,3
2026-06-30,equity_full_goal,0.003768659755811278,17
2026-06-30,equity_validated,0.0,0
2026-06-30,full_system,0.0030300183329091245,20
2026-07-01,crypto_full_goal,0.0029714415204305056,3
2026-07-01,equity_full_goal,-0.0034819270046444325,17
2026-07-01,equity_validated,0.0,0
2026-07-01,full_system,-0.0005104854842139271,20
2026-07-02,crypto_full_goal,0.0034029256375881366,3
2026-07-02,equity_full_goal,-0.00501765563940033,17
2026-07-02,equity_validated,0.0,0
2026-07-02,full_system,-0.0016147300018121932,20
2026-07-05,crypto_full_goal,0.009565327508419588,3
2026-07-05,full_system,0.009565327508419588,20
2026-07-05,full_system_max,0.009565327508419588,20
2026-07-06,crypto_full_goal,-0.0008573943783386162,3
2026-07-06,equity_full_goal,0.007246800558599398,17
2026-07-06,equity_validated,0.0,0
2026-07-06,full_system,0.006389406180260782,20
2026-07-06,full_system_max,0.006389406180260782,20
2026-07-06,full_system_v6,0.008049068950558326,22
2026-07-06,metals_full_goal,0.0016596627702975446,2
2026-07-07,crypto_full_goal,-0.0017948493421854582,3
2026-07-07,equity_full_goal,-0.00414348827220076,17
2026-07-07,equity_validated,0.0,0
2026-07-07,full_system,-0.005938337614386218,20
2026-07-07,full_system_max,-0.005938337614386218,20
2026-07-07,full_system_v6,-0.010048789179536947,22
2026-07-07,metals_full_goal,-0.004110451565150728,2
2026-07-08,crypto_full_goal,-0.0015270996656302563,3
2026-07-08,equity_full_goal,-9.190097273614e-05,17
2026-07-08,equity_validated,0.0,0
2026-07-08,full_system,-0.0016190006383663964,20
2026-07-08,full_system_max,-0.0016190006383663964,20
2026-07-08,full_system_v6,-0.005334776164067525,22
2026-07-08,metals_full_goal,-0.0037157755257011277,2
2026-07-09,crypto_full_goal,0.0002724326936310429,0
2026-07-09,equity_full_goal,0.004944296553963793,17
2026-07-09,equity_validated,0.0,0
2026-07-09,full_system,0.005216729247594836,17
2026-07-09,full_system_max,0.005216729247594836,17
2026-07-09,full_system_v6,0.008615157215956732,19
2026-07-09,metals_full_goal,0.0033984279683618966,2
2026-07-10,equity_full_goal,0.0007416991318519277,16
2026-07-10,equity_validated,0.0,0
2026-07-10,metals_full_goal,-0.0004278402225916713,2
2026-07-12,crypto_full_goal,0.0,0
2026-07-12,full_system,0.0007416991318519277,16
2026-07-12,full_system_max,0.0007416991318519277,16
2026-07-12,full_system_v6,0.00031385890926025636,18
2026-07-13,crypto_full_goal,0.0,0
2026-07-13,equity_full_goal,-0.007026740121825758,17
2026-07-13,equity_validated,0.0,0
2026-07-13,full_system,-0.007026740121825758,17
2026-07-13,full_system_max,-0.007026740121825758,17
2026-07-13,full_system_v6,-0.01093817781659154,19
2026-07-13,metals_full_goal,-0.003911437694765782,2
2026-07-14,crypto_full_goal,0.0,0
2026-07-14,equity_full_goal,-0.0020439537605815177,17
2026-07-14,equity_validated,0.0,0
2026-07-14,full_system,-0.0020439537605815177,17
2026-07-14,full_system_max,-0.0020439537605815177,17
2026-07-14,full_system_v6,0.00043915887475083236,19
2026-07-14,metals_full_goal,0.00248311263533235,2
2026-07-15,crypto_full_goal,0.0,0
2026-07-15,equity_full_goal,-0.000525334182713433,17
2026-07-15,equity_validated,0.0,17
2026-07-15,full_system,-0.000525334182713433,17
2026-07-15,full_system_max,-0.000525334182713433,17
2026-07-15,full_system_v6,-0.002457630272663716,19
2026-07-15,metals_full_goal,-0.0019322960899502831,2
2026-07-16,crypto_full_goal,0.0,3
2026-07-16,equity_full_goal,-0.025232465084271658,0
2026-07-16,equity_validated,-0.024227778071483387,17
2026-07-16,full_system,-0.025232465084271658,0
2026-07-16,full_system_max,-0.025232465084271658,0
2026-07-16,full_system_v6,-0.029610145683706478,22
2026-07-16,metals_full_goal,-0.00437768059943482,2
2026-07-17,equity_full_goal,0.0,0
2026-07-17,equity_validated,-0.01000210881715583,17
2026-07-17,metals_full_goal,0.0003162355469815798,2
2026-07-19,crypto_full_goal,0.0007189773910798475,3
2026-07-19,full_system,0.0,0
2026-07-19,full_system_max,0.0,0
2026-07-19,full_system_v6,-0.00990462068849267,22
2026-07-20,crypto_full_goal,0.0005719705316948376,3
2026-07-20,equity_full_goal,0.0,0
2026-07-20,equity_validated,-0.004577375053911025,17
2026-07-20,full_system,0.0,0
2026-07-20,full_system_max,0.0,0
2026-07-20,full_system_v6,-0.004400298418445347,0
2026-07-20,metals_full_goal,-0.0003948938962291598,2
2026-07-21,crypto_full_goal,0.0010363541712732436,3
2026-07-21,equity_full_goal,0.0,0
2026-07-21,equity_validated,0.025931407143622805,0
2026-07-21,full_system,0.0,0
2026-07-21,full_system_max,0.0,0
2026-07-21,full_system_v6,0.0,0
2026-07-21,metals_full_goal,0.005706032958435814,2
2026-07-22,bonds_full_goal,-0.0002459475221193372,2
2026-07-22,crypto_full_goal,-2.861196476059185e-05,3
2026-07-22,equity_full_goal,0.0,0
2026-07-22,equity_validated,0.0,0
2026-07-22,full_system,0.0,0
2026-07-22,full_system_max,0.0,0
2026-07-22,full_system_v6,0.0,0
2026-07-22,market_spy,-0.0011627413779321527,1
2026-07-22,metals_full_goal,0.0030500880888968043,2
2026-07-23,bonds_full_goal,-0.00040805484028690053,2
2026-07-23,crypto_full_goal,-0.0018334062819147377,3
2026-07-23,equity_full_goal,0.0,0
2026-07-23,equity_validated,0.0,0
2026-07-23,full_system,0.0,0
2026-07-23,full_system_max,0.0,0
2026-07-23,full_system_v6,0.0,0
2026-07-23,market_spy,-0.012349287272575782,1
2026-07-23,metals_full_goal,-0.0026120142427056726,2
2026-07-24,bonds_full_goal,0.0,2
2026-07-24,equity_full_goal,0.0,17
2026-07-24,equity_validated,0.0,0
2026-07-24,market_spy,0.0,1
2026-07-24,metals_full_goal,0.0,2
2026-07-26,crypto_full_goal,0.0014339102236930396,3
2026-07-26,full_system,0.0,3
2026-07-26,full_system_max,0.0,3
2026-07-26,full_system_v6,0.0,0
2026-07-27,bonds_full_goal,0.00033269274360088474,2
2026-07-27,crypto_full_goal,-0.002564676352244588,3
2026-07-27,equity_full_goal,0.00212457177171571,17
2026-07-27,equity_validated,0.0,0
2026-07-27,full_system,-0.002564676352244588,3
2026-07-27,full_system_max,-0.002564676352244588,3
2026-07-27,full_system_v6,0.0,0
2026-07-27,market_spy,0.0002165755636849287,1
2026-07-27,metals_full_goal,0.0008600716682425485,2
2026-07-28,bonds_full_goal,0.00037538200152607837,2
2026-07-28,crypto_full_goal,0.0007657440109134399,3
2026-07-28,equity_full_goal,-0.005578103488792402,17
2026-07-28,equity_validated,0.0,17
2026-07-28,full_system,0.0007657440109134399,3
2026-07-28,full_system_max,0.0007657440109134399,3
2026-07-28,full_system_v6,0.0,3
2026-07-28,market_spy,0.002394780651586048,1
2026-07-28,metals_full_goal,-0.0027416850508583676,2
2026-07-29,bonds_full_goal,-0.0006174033629846795,2
2026-07-29,crypto_full_goal,-0.0003661397579247449,3
2026-07-29,equity_full_goal,-0.01649324907739829,17
2026-07-29,equity_validated,-0.01649324907739829,17
2026-07-29,full_system,-0.0003661397579247449,3
2026-07-29,full_system_max,-0.0003661397579247449,3
2026-07-29,full_system_v6,-0.0003661397579247449,3
2026-07-29,market_spy,-0.015387473482586067,1
2026-07-29,metals_full_goal,-0.0003446285701658705,2
2026-07-30,bonds_full_goal,0.0001386309932698837,2
2026-07-30,crypto_full_goal,0.001209478700505522,3
2026-07-30,equity_full_goal,0.01695410271400782,17
2026-07-30,equity_validated,0.017186539669805313,17
2026-07-30,full_system,0.001209478700505522,3
2026-07-30,full_system_max,0.001209478700505522,3
2026-07-30,full_system_v6,0.001209478700505522,3
2026-07-30,market_spy,0.01676579949601198,1
2026-07-30,metals_full_goal,0.004703194540436323,2
2026-07-31,bonds_full_goal,-0.0002683172293220515,2
2026-07-31,equity_full_goal,-0.000238252043933172,17
2026-07-31,equity_validated,-0.000238252043933172,17
2026-07-31,market_spy,0.007199809675054292,1
2026-07-31,metals_full_goal,-0.002319016663493186,2
2026-08-02,crypto_full_goal,0.0019769668569720495,3
2026-08-02,full_system,0.0019769668569720495,3
2026-08-02,full_system_max,0.0019769668569720495,3
2026-08-02,full_system_v6,0.0019769668569720495,3
