variant,n_days,cum_return,sharpe,best_day,worst_day,win_rate,last_date,last_exposure,last_positions
market_spy,49,0.011240147291324831,0.6519810332249353,0.018029002715958642,-0.015387473482586067,0.2857142857142857,2026-10-01,1.0,1
equity_validated,67,-0.016861907611549043,-0.4567333105115344,0.025931407143622805,-0.0264144471127341,0.11940298507462686,2026-10-01,1.0004,17
equity_full_goal,67,-0.05228782980806368,-1.6702091615783108,0.023375737139388068,-0.029570528428287324,0.23880597014925373,2026-10-01,1.0004,17
crypto_full_goal,69,0.07591336465290799,2.717970330722605,0.04563989472161746,-0.00578544440326882,0.2318840579710145,2026-10-01,0.36,3
full_system,69,0.0322251517231269,1.0399040695847634,0.04563989472161746,-0.025232465084271658,0.18840579710144928,2026-10-01,0.36,3
full_system_max,63,0.04421381348430953,1.510291632544591,0.04563989472161746,-0.025232465084271658,0.1746031746031746,2026-10-01,0.36,3
metals_full_goal,61,0.0023876582720261386,0.2327199301286066,0.00670956713936888,-0.010849091703579429,0.3770491803278688,2026-10-01,0.177,2
full_system_v6,62,-0.008333084399943513,-0.16455046041794366,0.04930896497226011,-0.029610145683706478,0.24193548387096775,2026-10-01,0.5369999999999999,5
bonds_full_goal,49,-0.002667709812081087,-2.028362683617034,0.0013491711030813869,-0.0011939198425711367,0.2857142857142857,2026-10-01,0.075,2
